report_id,final_tags
2019_WFPFITTEST_Cash_based_transfers_and_SCOPE,"['Information_Technology_and_Telecommunications_in_Emergencies', 'Cash_transfers', 'Zero_Hunger', 'Humanitarian_Support_and_Services', 'Food_Assistance', 'Food_Assistance_for_Assets', 'Food_Security_Cluster', 'Food_systems', 'Food_security_analysis', 'Energy_for_food_security']"
2019_WFPFITTEST_Security_Telecommunications_Servic,"['Emergencies', 'Information_Technology_and_Telecommunications_in_Emergencies', 'Emergency_Preparedness_and_Response', 'Humanitarian_Support_and_Services', 'Monitoring', 'Emergency_relief', 'Food_Security_Cluster', 'The_R4_Rural_Resilience_Initiative', 'UN_Humanitarian_Air_Service', 'UN_agencies_and_international_institutions']"
2021_Agricultural_Insurance_Digital_Payments_Chall,"['The_R4_Rural_Resilience_Initiative', 'Climate_risk_management_insurance_and_financing', 'Information_Technology_and_Telecommunications_in_Emergencies', 'Seasonal_and_agricultural_monitoring', 'Climate_change_adaptation', 'Partnerships', 'Procurement', 'Cash_transfers', 'Resilience_building', 'Programme_design']"
2021_Protection_and_Accountability_Handbook,"['Social_Protection_and_Safety_Nets', 'Climate_change_adaptation', 'Analyses_and_assessments', 'Country_strategic_planning', 'Humanitarian_Support_and_Services', 'Sustainable_development_goals', 'Food_Assistance', 'Cash_transfers', 'Food_security_analysis', 'Energy_for_food_security']"
2021_Technical_Report_on_Zambia_s_Farmer_Input_Sup,"['Climate_risk_management_insurance_and_financing', 'Food_Assistance_for_Assets', 'The_R4_Rural_Resilience_Initiative', 'Smallholder_agricultural_market_support', 'Food_safety_and_quality', 'Seasonal_and_agricultural_monitoring', 'Climate_services', 'Climate_change_adaptation', 'Food_security_analysis', 'Energy_for_food_security']"
2021_WFP_Community_Engagement_Strategy_for_Account,"['Social_Protection_and_Safety_Nets', 'Partnerships', 'Governance_and_leadership', 'Environmental_and_social_sustainability', 'Emergency_Preparedness_and_Response', 'Monitoring_evaluation_and_learning', 'Humanitarian_Support_and_Services', 'Food_security_analysis', 'Food_safety_and_quality']"
2022_Economic_Impact_Assessment_of_World_Food_Prog,"['Environmental_and_social_sustainability', 'Country_Capacity_Strengthening', 'Humanitarian_Support_and_Services', 'Climate_change_adaptation', 'Procurement', 'Cash_transfers', 'Climate_action', 'Logistics_and_delivery_networks', 'UN_Humanitarian_Air_Service']"
2022_Linking_Nutrition_and_Social_Protection_in_We,"['Nutrition', 'Social_Protection_and_Safety_Nets', 'Food_security_analysis', 'Food_fortification', 'Programme_design', 'Specialized_nutritious_food', 'Cash_transfers', 'School_meals', 'The_R4_Rural_Resilience_Initiative', 'Energy_for_food_security']"
2022_Procurement_Infographic,"['Market_analysis', 'Corporate_strategy']"
2022_Western_Africa_Annual_Achievements,"['Country_Capacity_Strengthening', 'Monitoring_evaluation_and_learning', 'Humanitarian_Support_and_Services', 'The_R4_Rural_Resilience_Initiative', 'Resilience_programming', 'Resilience_building', 'Food_safety_and_quality', 'Funding_and_donors', 'School_meals', 'Food_security_analysis']"
2023_A_Year_in_Review_For_WFP_Operations_across_th,"['The_R4_Rural_Resilience_Initiative', 'Emergency_Preparedness_and_Response', 'Food_security_analysis', 'Country_strategic_planning', 'Humanitarian_Support_and_Services', 'Food_Assistance_for_Assets', 'Food_Assistance', 'Resilience_building', 'Partnerships', 'Sustainable_livelihoods_and_ecosystems']"
2023_Addressing_Irregular_Migration_through_Princi,"['Migration', 'Humanitarian_Support_and_Services', 'Food_safety_and_quality', 'Nutrition', 'Food_Assistance', 'Food_systems', 'Food_security_analysis', 'Climate_change_adaptation', 'Energy_for_food_security', 'Food_Security_Cluster']"
2023_Climate_Risk_Insurance_A_key_tool_for_buildin,"['The_R4_Rural_Resilience_Initiative', 'Climate_risk_management_insurance_and_financing', 'Climate_change_adaptation', 'Resilience_building', 'Smallholder_agricultural_market_support', 'Humanitarian_Support_and_Services', 'Food_Assistance_for_Assets', 'UN_agencies_and_international_institutions', 'Partnerships', 'Sustainable_development_goals']"
2023_Conflict_Sensitivity_Mainstreaming_Strategy,"['Analyses_and_assessments', 'Food_security_analysis', 'Country_Capacity_Strengthening', 'Conflicts', 'Procurement', 'Resilience_programming', 'Partnerships', 'Humanitarian_Support_and_Services', 'Supply_chain', 'Funding_and_donors']"
2023_HIV_year_in_review,"['Nutrition', 'Emergency_Preparedness_and_Response', 'Humanitarian_Support_and_Services', 'Food_security_analysis', 'HIV_and_tuberculosis', 'Food_fortification', 'Food_Assistance', 'The_R4_Rural_Resilience_Initiative', 'Food_Assistance_for_Assets', 'Energy_for_food_security']"
2023_Kyrgyz_Republic_Strategic_Outcome_1_Enhanced_,"['Country_Capacity_Strengthening', 'Food_Assistance_for_Assets', 'Food_security_analysis', 'Food_Assistance', 'The_R4_Rural_Resilience_Initiative', 'Social_Protection_and_Safety_Nets', 'In_kind_food_distribution', 'Energy_for_food_security', 'Food_safety_and_quality', 'Nutrition']"
2023_Kyrgyz_Republic_Strategic_Outcome_3_Strengthe,"['Food_systems', 'Supply_chain', 'Climate_risk_management_insurance_and_financing', 'Food_Assistance', 'Partnerships', 'Logistics_and_delivery_networks', 'Specialized_nutritious_food', 'Nutrition', 'The_R4_Rural_Resilience_Initiative', 'Energy_for_food_security']"
2023_Operationalising_the_HDP_Nexus_in_WFP_Western,"['Humanitarian_Support_and_Services', 'Emergency_Preparedness_and_Response', 'The_R4_Rural_Resilience_Initiative', 'Food_Assistance', 'Procurement', 'Smallholder_agricultural_market_support', 'Resilience_building', 'Food_security_analysis', 'Gender_equality', 'Zero_Hunger']"
2023_Procurement_Infographic,[]
2023_R4_Rural_Resilience_Initiative_Factsheet,"['The_R4_Rural_Resilience_Initiative', 'Climate_risk_management_insurance_and_financing', 'Gender_equality', 'Resilience_programming', 'Resilience_building', 'Sustainable_livelihoods_and_ecosystems', 'Food_security_analysis', 'Food_safety_and_quality', 'Energy_for_food_security', 'Food_Assistance']"
2023_South_South_and_Triangular_Cooperation_Innova,"['Monitoring', 'Nutrition', 'Sustainable_livelihoods_and_ecosystems', 'Food_security_analysis', 'The_R4_Rural_Resilience_Initiative', 'Sustainable_development_goals', 'South_South_cooperation', 'School_meals', 'Seasonal_and_agricultural_monitoring', 'Food_safety_and_quality']"
2023_South_South_and_Triangular_Cooperation_policy,"['Partnerships', 'Country_Capacity_Strengthening', 'Innovation', 'South_South_cooperation', 'Funding_and_donors', 'Emergency_Preparedness_and_Response', 'Sustainable_development_goals', 'Gender_equality', 'School_meals']"
2023_Testing_the_Acceptability_and_Organoleptic_Qu,"['Food_Assistance', 'Food_Assistance_for_Assets', 'Specialized_nutritious_food', 'Food_fortification', 'Nutrition', 'School_meals', 'Food_systems', 'Smallholder_agricultural_market_support', 'Food_security_analysis', 'Food_safety_and_quality']"
2023_WFP_Engineering_two_pager,"['Engineering_services', 'Rome_based_agencies', 'Emergencies', 'Humanitarian_Support_and_Services', 'Emergency_Preparedness_and_Response', 'Food_safety_and_quality']"
2023_WFP_Urban_Strategy_Achieving_zero_hunger_in_a,"['Resilience_programming', 'Nutrition', 'Emergency_Preparedness_and_Response', 'Resilience_building', 'Food_security_analysis', 'Partnerships', 'Humanitarian_Support_and_Services', 'Private_sector', 'Smallholder_agricultural_market_support', 'The_R4_Rural_Resilience_Initiative']"
2024_A_Year_in_Review_Pathways_to_Change,"['In_kind_food_distribution', 'Humanitarian_Support_and_Services', 'Social_Protection_and_Safety_Nets', 'Emergencies', 'Resilience_programming', 'UN_agencies_and_international_institutions', 'The_R4_Rural_Resilience_Initiative', 'Resilience_building', 'Emergency_Preparedness_and_Response', 'UN_Humanitarian_Air_Service']"
2024_Anticipatory_Cash_Technical_Guidance,"['Anticipatory_Action', 'Emergency_Preparedness_and_Response', 'Cash_transfers', 'The_R4_Rural_Resilience_Initiative', 'Local_market_developments', 'Climate_action', 'Climate_change_adaptation', 'Humanitarian_Support_and_Services', 'Food_Assistance_for_Assets', 'Emergency_relief']"
2024_Climatic_Disaster_Risk_Assessment_in_Cambodia,"['Seasonal_and_agricultural_monitoring', 'The_R4_Rural_Resilience_Initiative', 'Emergency_Preparedness_and_Response', 'Food_Assistance_for_Assets', 'Climate_change_adaptation', 'Climate_risk_management_insurance_and_financing', 'Sustainable_livelihoods_and_ecosystems', 'Nutrition', 'Food_security_analysis', 'Resilience_building']"
2024_Humanitarian_Simulation_Exercise_SimEx_Techni,"['Emergencies', 'Analyses_and_assessments', 'Emergency_Preparedness_and_Response', 'Emergency_relief', 'Supply_chain', 'The_R4_Rural_Resilience_Initiative', 'Humanitarian_Support_and_Services', 'UN_Humanitarian_Air_Service', 'Zero_Hunger', 'Energy_for_food_security']"
2024_Innovative_Solutions_to_Climate_Change_Adapta,"['Resilience_programming', 'Monitoring', 'Humanitarian_Support_and_Services', 'Gender_equality', 'Social_Protection_and_Safety_Nets', 'Sustainable_livelihoods_and_ecosystems', 'The_R4_Rural_Resilience_Initiative', 'Resilience_building', 'Partnerships', 'Food_Assistance']"
2024_Maximizing_impact_the_intersection_of_social_,"['Resilience_programming', 'Resilience_building', 'Sustainable_livelihoods_and_ecosystems', 'Social_Protection_and_Safety_Nets', 'UN_agencies_and_international_institutions', 'The_R4_Rural_Resilience_Initiative', 'Food_security_analysis', 'Sustainable_development_goals', 'Food_systems', 'Energy_for_food_security']"
2024_Mid_Year_Overview_Egypt_Country_Office,"['Food_Assistance', 'Humanitarian_Support_and_Services', 'Cash_transfers', 'Food_Assistance_for_Assets', 'Smallholder_agricultural_market_support', 'Gender_equality']"
2024_Procurement_Infographics,"['Emergency_relief', 'Smallholder_agricultural_market_support', 'Emergency_Preparedness_and_Response']"
2024_The_Impacts_of_WFP_s_Integrated_Climate_Risk_,"['Nutrition', 'The_R4_Rural_Resilience_Initiative', 'Specialized_nutritious_food', 'Food_safety_and_quality', 'Food_security_analysis', 'Food_systems', 'Energy_for_food_security', 'Food_Assistance_for_Assets', 'Resilience_building', 'Climate_services']"
2024_The_global_food_and_economic_crisis_impact_on,"['Food_Assistance_for_Assets', 'Food_Assistance', 'Food_systems', 'Nutrition', 'Food_Security_Cluster', 'In_kind_food_distribution', 'Food_security_analysis', 'Seasonal_and_agricultural_monitoring', 'Food_safety_and_quality']"
2024_Typhoon_Season_WFP_Philippines_Response_Repor,"['Humanitarian_Support_and_Services', 'Emergency_Preparedness_and_Response', 'Emergency_relief', 'Emergencies', 'Food_security_analysis', 'Information_Technology_and_Telecommunications_in_Emergencies', 'Food_safety_and_quality', 'Cash_transfers', 'UN_Humanitarian_Air_Service', 'Energy_for_food_security']"
2024_Women_s_Empowerment_In_Agriculture_Index_WEAI,"['Analyses_and_assessments', 'The_R4_Rural_Resilience_Initiative', 'Food_security_analysis', 'Smallholder_agricultural_market_support', 'Food_systems', 'Sustainable_livelihoods_and_ecosystems', 'Food_Assistance_for_Assets', 'Seasonal_and_agricultural_monitoring']"
2025_Anticipatory_Action_Learning_and_validation_R,"['Analyses_and_assessments', 'Humanitarian_Support_and_Services', 'Anticipatory_Action', 'Emergencies', 'The_R4_Rural_Resilience_Initiative', 'Emergency_Preparedness_and_Response', 'Partnerships', 'Social_Protection_and_Safety_Nets', 'Resilience_building', 'Emergency_relief']"
2025_Climate_Services_Accelerator_Programme,"['Gender_equality', 'Climate_services', 'Partnerships', 'Climate_change_adaptation', 'Emergency_Preparedness_and_Response', 'Climate_action', 'Sustainable_development_goals', 'Programme_design', 'Humanitarian_Support_and_Services']"
2025_Gender_Protection_and_Inclusion_in_Anticipato,"['Anticipatory_Action', 'Climate_action', 'Resilience_programming', 'The_R4_Rural_Resilience_Initiative', 'Social_Protection_and_Safety_Nets', 'Sustainable_livelihoods_and_ecosystems', 'Climate_change_adaptation', 'Food_safety_and_quality', 'Resilience_building', 'Food_security_analysis']"
2025_Midyear_Update_Say_No_to_5S_Project_School_Fe,"['Monitoring', 'Programme_design', 'School_meals', 'Sustainable_development_goals', 'Food_Assistance', 'Food_security_analysis', 'Food_fortification', 'Food_safety_and_quality', 'In_kind_food_distribution']"
2025_People_s_experience_of_Anticipatory_Action,"['Partnerships', 'Analyses_and_assessments', 'Climate_action', 'Anticipatory_Action', 'Food_Assistance', 'Smallholder_agricultural_market_support', 'Food_security_analysis', 'Food_Assistance_for_Assets', 'Cash_transfers', 'School_meals']"
2025_Saving_lives_time_and_money_Evidence_from_ant,"['Anticipatory_Action', 'Emergency_Preparedness_and_Response', 'Humanitarian_Support_and_Services', 'Food_Security_Cluster', 'Food_Assistance', 'Food_Assistance_for_Assets', 'Food_security_analysis']"
A_lifeline_at_risk_food_assistance_at_a_breaking_p,"['Resilience_programming', 'Food_security_analysis', 'Funding_and_donors', 'Local_market_developments', 'Humanitarian_Support_and_Services', 'Resilience_building', 'Food_Assistance', 'Food_Assistance_for_Assets', 'The_R4_Rural_Resilience_Initiative', 'Nutrition']"
A_quick_glance_at_the_costed_implementation_plan_f,"['Partnerships', 'Country_strategic_planning', 'South_South_cooperation', 'Funding_and_donors', 'Sustainable_development_goals', 'Country_Capacity_Strengthening', 'Food_Assistance_for_Assets', 'Local_market_developments', 'Smallholder_agricultural_market_support']"
A_world_of_WFP_FITTEST_2019,[]
After_Action_Review_Leveraging_4Ps_Programme_for_E,"['Emergencies', 'Emergency_Preparedness_and_Response', 'Sustainable_livelihoods_and_ecosystems', 'Emergency_relief', 'Humanitarian_Support_and_Services', 'Resilience_building', 'The_R4_Rural_Resilience_Initiative', 'Food_Assistance_for_Assets', 'Cash_transfers', 'Food_Assistance']"
Annual_Country_Reports_Cameroon,"['Nutrition', 'Emergency_Preparedness_and_Response', 'Food_safety_and_quality', 'Emergencies', 'Sustainable_livelihoods_and_ecosystems', 'Food_security_analysis', 'Food_Security_Cluster', 'Emergency_relief', 'The_R4_Rural_Resilience_Initiative']"
Annual_Evaluation_Report_2024,"['Country_Capacity_Strengthening', 'Emergency_Preparedness_and_Response', 'Food_security_analysis', 'Environmental_and_social_sustainability', 'Food_Assistance', 'UN_Humanitarian_Air_Service', 'Humanitarian_Support_and_Services', 'Food_safety_and_quality', 'Food_Assistance_for_Assets', 'School_meals']"
Annual_Performance_Report,"['Information_Technology_and_Telecommunications_in_Emergencies', 'Emergency_Preparedness_and_Response', 'Funding_and_donors', 'Food_security_analysis', 'Food_Security_Cluster', 'Environmental_and_social_sustainability', 'Nutrition', 'Food_Assistance_for_Assets', 'School_meals', 'Sustainable_development_goals']"
Annual_Report_2021_WFP_Centre_of_Excellence_agains,"['Funding_and_donors', 'Centre_of_Excellence', 'Food_Assistance', 'Food_systems', 'School_meals', 'Partnerships', 'Humanitarian_Support_and_Services', 'South_South_cooperation', 'Food_security_analysis', 'Nutrition']"
Annual_Report_2022_WFP_Centre_of_Excellence_agains,"['Partnerships', 'Country_strategic_planning', 'Humanitarian_Support_and_Services', 'Nutrition', 'Centre_of_Excellence', 'Smallholder_agricultural_market_support', 'School_meals', 'Sustainable_development_goals', 'South_South_cooperation', 'Food_security_analysis']"
Annual_Report_2023_Centre_of_Excellence_Against_Hu,"['Partnerships', 'Nutrition', 'Smallholder_agricultural_market_support', 'Food_security_analysis', 'Sustainable_development_goals', 'Supply_chain', 'Food_systems', 'School_meals', 'Centre_of_Excellence']"
Annual_Report_2024_WFP_Centre_of_Excellence_agains,"['UN_agencies_and_international_institutions', 'Food_Assistance', 'Food_security_analysis', 'Specialized_nutritious_food', 'Smallholder_agricultural_market_support', 'Food_systems', 'School_meals', 'Centre_of_Excellence', 'Partnerships', 'Nutrition']"
Annual_Report_Strategic_Advisory_Panel_on_Impact_E,"['Procurement', 'The_R4_Rural_Resilience_Initiative', 'Food_Assistance_for_Assets', 'Sustainable_livelihoods_and_ecosystems', 'Partnerships', 'Resilience_programming', 'Resilience_building', 'Food_security_analysis', 'Gender_equality']"
Annual_country_reports_-_Algeria_-_2020_DZ02,"['The_R4_Rural_Resilience_Initiative', 'Humanitarian_Support_and_Services', 'Food_Assistance', 'Food_Assistance_for_Assets', 'Food_security_analysis', 'Energy_for_food_security', 'Food_fortification', 'Funding_and_donors', 'In_kind_food_distribution', 'Food_Security_Cluster']"
Annual_country_reports_-_Algeria_-_2023_DZ02,"['Country_strategic_planning', 'Humanitarian_Support_and_Services', 'Food_Assistance_for_Assets', 'Food_security_analysis', 'Nutrition', 'Energy_for_food_security', 'Food_Assistance', 'Funding_and_donors', 'School_meals', 'Food_fortification']"
Annual_country_reports_-_Armenia_-_2023_AM02,[]
Annual_country_reports_-_Armenia_-_2024_AM02,"['Humanitarian_Support_and_Services', 'Country_Capacity_Strengthening', 'Funding_and_donors', 'Food_Assistance', 'Food_Assistance_for_Assets', 'Food_security_analysis', 'Food_fortification', 'Energy_for_food_security', 'School_meals', 'Food_safety_and_quality']"
Annual_country_reports_-_Benin_-_2023_BJ02,"['Funding_and_donors', 'Humanitarian_Support_and_Services', 'Climate_change_adaptation', 'Food_Assistance_for_Assets', 'Energy_for_food_security', 'Country_Capacity_Strengthening', 'Food_security_analysis', 'The_R4_Rural_Resilience_Initiative', 'Nutrition', 'School_meals']"
Annual_country_reports_-_Benin_-_2024_BJ03,"['Food_Assistance_for_Assets', 'Social_Protection_and_Safety_Nets', 'Food_Assistance', 'Food_fortification']"
Annual_country_reports_-_Bolivia_Plurinational_State_of_-_2023_BO03,"['Emergencies', 'Funding_and_donors', 'The_R4_Rural_Resilience_Initiative', 'Sustainable_livelihoods_and_ecosystems', 'Country_Capacity_Strengthening', 'Food_Assistance_for_Assets', 'Food_Security_Cluster', 'Smallholder_agricultural_market_support', 'Food_security_analysis', 'Energy_for_food_security']"
Annual_country_reports_-_Bolivia_Plurinational_State_of_-_2024_BO03,"['Sustainable_livelihoods_and_ecosystems', 'Food_security_analysis', 'Smallholder_agricultural_market_support', 'Food_Security_Cluster', 'Cash_transfers', 'The_R4_Rural_Resilience_Initiative', 'Country_Capacity_Strengthening', 'In_kind_food_distribution', 'Food_Assistance_for_Assets', 'Energy_for_food_security']"
Annual_country_reports_-_Burkina_Faso_-_2023_BF02,"['Country_Capacity_Strengthening', 'Smallholder_agricultural_market_support', 'Humanitarian_Support_and_Services', 'The_R4_Rural_Resilience_Initiative', 'Food_Assistance_for_Assets', 'Food_Assistance', 'Food_security_analysis', 'School_meals']"
Annual_country_reports_-_Burkina_Faso_-_2024_BF02,"['Funding_and_donors', 'Sustainable_livelihoods_and_ecosystems', 'Humanitarian_Support_and_Services', 'Smallholder_agricultural_market_support', 'Food_Assistance_for_Assets', 'UN_Humanitarian_Air_Service', 'Food_fortification', 'The_R4_Rural_Resilience_Initiative', 'School_meals', 'Resilience_building']"
Annual_country_reports_-_Burundi_-_2023_BI02,"['Humanitarian_Support_and_Services', 'Food_security_analysis', 'Food_Assistance_for_Assets', 'Funding_and_donors', 'Food_Assistance', 'Smallholder_agricultural_market_support', 'Nutrition', 'Food_fortification', 'Energy_for_food_security', 'School_meals']"
Annual_country_reports_-_Burundi_-_2024_BI03,"['Humanitarian_Support_and_Services', 'Food_Assistance', 'Funding_and_donors', 'Nutrition', 'Food_security_analysis', 'Food_Assistance_for_Assets', 'The_R4_Rural_Resilience_Initiative', 'Country_Capacity_Strengthening', 'Smallholder_agricultural_market_support', 'Energy_for_food_security']"
Annual_country_reports_-_Central_African_Republic_-_2023_CF01,"['Humanitarian_Support_and_Services', 'Funding_and_donors', 'The_R4_Rural_Resilience_Initiative', 'Food_Assistance_for_Assets', 'Gender_equality', 'Energy_for_food_security', 'Smallholder_agricultural_market_support', 'Resilience_building', 'UN_Humanitarian_Air_Service', 'Food_security_analysis']"
Annual_country_reports_-_Central_African_Republic_-_2024_CF02,"['Country_strategic_planning', 'Country_Capacity_Strengthening', 'Nutrition', 'Food_Assistance_for_Assets', 'Sustainable_livelihoods_and_ecosystems', 'Food_Assistance', 'Smallholder_agricultural_market_support', 'Food_safety_and_quality', 'School_meals', 'Food_fortification']"
Annual_country_reports_-_Chad_-_2024_TD01,"['Funding_and_donors', 'Emergencies', 'Smallholder_agricultural_market_support']"
Annual_country_reports_-_Chad_-_2024_TD02,"['The_R4_Rural_Resilience_Initiative', 'Sustainable_livelihoods_and_ecosystems', 'Funding_and_donors', 'Humanitarian_Support_and_Services', 'Country_strategic_planning', 'Food_fortification', 'Food_security_analysis', 'Food_Assistance_for_Assets', 'School_meals', 'UN_Humanitarian_Air_Service']"
Annual_country_reports_-_China_-_2023_CN02,"['Resilience_building', 'Food_security_analysis', 'Energy_for_food_security', 'Sustainable_development_goals', 'Food_safety_and_quality', 'Partnerships', 'Supply_chain', 'School_meals', 'The_R4_Rural_Resilience_Initiative', 'Nutrition']"
Annual_country_reports_-_China_-_2024_CN02,"['Funding_and_donors', 'Nutrition', 'Partnerships', 'Food_Assistance', 'Specialized_nutritious_food', 'Country_Capacity_Strengthening', 'Resilience_building', 'School_meals', 'The_R4_Rural_Resilience_Initiative', 'UN_agencies_and_international_institutions']"
Annual_country_reports_-_Côte_dIvoire_-_2023_CI02,"['Nutrition', 'Food_Assistance', 'The_R4_Rural_Resilience_Initiative', 'Logistics_and_delivery_networks', 'Food_Assistance_for_Assets', 'School_meals', 'Food_security_analysis', 'Gender_equality', 'Smallholder_agricultural_market_support', 'Energy_for_food_security']"
Annual_country_reports_-_Côte_dIvoire_-_2024_CI02,"['Sustainable_livelihoods_and_ecosystems', 'Funding_and_donors', 'Food_Assistance_for_Assets', 'Smallholder_agricultural_market_support', 'Nutrition', 'Food_Assistance', 'Food_fortification', 'Energy_for_food_security', 'Food_security_analysis', 'School_meals']"
Annual_country_reports_-_Mauritania_-_2024_MR02,"['Sustainable_livelihoods_and_ecosystems', 'The_R4_Rural_Resilience_Initiative', 'Humanitarian_Support_and_Services', 'Anticipatory_Action', 'Food_Assistance', 'School_meals', 'Food_Assistance_for_Assets', 'Resilience_programming', 'UN_Humanitarian_Air_Service']"
Annual_country_reports_-_Mauritania_-_2024_MR03,"['Humanitarian_Support_and_Services', 'Food_Assistance_for_Assets', 'Funding_and_donors', 'Sustainable_livelihoods_and_ecosystems', 'Food_fortification', 'Nutrition', 'Resilience_programming', 'The_R4_Rural_Resilience_Initiative', 'Resilience_building']"
Annual_country_reports_-_Nicaragua_-_2024_NI02,"['Smallholder_agricultural_market_support', 'The_R4_Rural_Resilience_Initiative', 'Humanitarian_Support_and_Services', 'Emergency_Preparedness_and_Response']"
Annual_country_reports_-_Nicaragua_-_2024_NI02-checkpoint,"['Smallholder_agricultural_market_support', 'The_R4_Rural_Resilience_Initiative', 'Humanitarian_Support_and_Services', 'Emergency_Preparedness_and_Response']"
Annual_country_reports_-_Nicaragua_-_2024_NI03,"['Sustainable_livelihoods_and_ecosystems', 'Emergency_Preparedness_and_Response', 'Humanitarian_Support_and_Services', 'Food_Assistance_for_Assets', 'Smallholder_agricultural_market_support', 'Emergency_relief', 'School_meals', 'Food_security_analysis', 'Energy_for_food_security', 'The_R4_Rural_Resilience_Initiative']"
Annual_country_reports_-_Nigeria_-_2023_NG01,"['Humanitarian_Support_and_Services', 'Food_Assistance', 'Food_Assistance_for_Assets', 'Sustainable_livelihoods_and_ecosystems', 'Funding_and_donors', 'Food_Security_Cluster', 'Food_security_analysis', 'Energy_for_food_security', 'UN_Humanitarian_Air_Service', 'Sustainable_development_goals']"
Annual_country_reports_-_Nigeria_-_2024_NG02,"['Emergency_Preparedness_and_Response', 'Food_Assistance_for_Assets', 'Smallholder_agricultural_market_support', 'Funding_and_donors', 'Humanitarian_Support_and_Services', 'The_R4_Rural_Resilience_Initiative', 'Emergency_relief', 'Nutrition', 'Food_Assistance', 'Food_security_analysis']"
Annual_country_reports_-_Rwanda_-_2023_RW01,"['The_R4_Rural_Resilience_Initiative', 'Humanitarian_Support_and_Services', 'Country_Capacity_Strengthening']"
Annual_country_reports_-_Rwanda_-_2024_RW01,"['Food_Assistance_for_Assets', 'Food_Assistance', 'Nutrition', 'Specialized_nutritious_food', 'Food_fortification', 'Humanitarian_Support_and_Services', 'Funding_and_donors', 'Food_security_analysis', 'Smallholder_agricultural_market_support', 'Energy_for_food_security']"
Annual_country_reports_-_Sao_Tome_and_Principe_-_2023_ST02,"['Environmental_and_social_sustainability', 'Funding_and_donors', 'South_South_cooperation', 'Country_strategic_planning', 'Country_Capacity_Strengthening', 'Food_security_analysis', 'Food_Assistance_for_Assets', 'School_meals', 'Food_Assistance', 'Energy_for_food_security']"
Annual_country_reports_-_Sao_Tome_and_Principe_-_2024_ST03,"['Emergency_Preparedness_and_Response', 'Smallholder_agricultural_market_support', 'Food_Assistance', 'Funding_and_donors', 'Food_security_analysis', 'Food_Assistance_for_Assets', 'Humanitarian_Support_and_Services', 'Sustainable_development_goals', 'School_meals', 'Energy_for_food_security']"
Annual_country_reports_-_Senegal_-_2023_SN02,"['Sustainable_livelihoods_and_ecosystems', 'Funding_and_donors', 'Specialized_nutritious_food', 'Nutrition', 'Food_security_analysis', 'Food_Assistance', 'Seasonal_and_agricultural_monitoring', 'The_R4_Rural_Resilience_Initiative', 'Food_Assistance_for_Assets', 'Energy_for_food_security']"
Annual_country_reports_-_Senegal_-_2024_SN02,"['Food_Assistance', 'Food_fortification', 'Nutrition', 'Funding_and_donors', 'Food_security_analysis', 'Gender_equality', 'Energy_for_food_security', 'Resilience_building', 'The_R4_Rural_Resilience_Initiative', 'Food_Assistance_for_Assets']"
Annual_country_reports_-_Sierra_Leone_-_2023_SL02,"['The_R4_Rural_Resilience_Initiative', 'Food_safety_and_quality', 'Food_security_analysis', 'Food_Assistance', 'Food_Security_Cluster', 'Food_Assistance_for_Assets', 'Smallholder_agricultural_market_support', 'Energy_for_food_security', 'School_meals', 'Resilience_building']"
Annual_country_reports_-_Sierra_Leone_-_2024_SL02,"['Sustainable_livelihoods_and_ecosystems', 'Food_security_analysis', 'Nutrition', 'Energy_for_food_security', 'The_R4_Rural_Resilience_Initiative', 'Smallholder_agricultural_market_support', 'Food_Assistance_for_Assets', 'Food_Assistance', 'Funding_and_donors', 'School_meals']"
Anticipatory_Cash_Transfers_and_Early_Warning_Info,"['Anticipatory_Action', 'Emergency_Preparedness_and_Response', 'Cash_transfers', 'Food_security_analysis', 'Food_safety_and_quality', 'Partnerships', 'Climate_action', 'Food_Security_Cluster', 'Energy_for_food_security', 'Seasonal_and_agricultural_monitoring']"
April_2022_Ukraine_Conflict_Addressing_Acute_Needs,"['Humanitarian_Support_and_Services', 'Food_Assistance_for_Assets', 'Emergencies', 'Food_security_analysis', 'Food_Assistance', 'Food_safety_and_quality', 'Conflicts', 'Energy_for_food_security', 'Cash_transfers', 'Gender_equality']"
Armenia_Evaluation_of_School_Feeding_Modalities_Ap,"['Gender_equality', 'Food_Assistance', 'Nutrition', 'Environmental_and_social_sustainability', 'Country_Capacity_Strengthening', 'Food_security_analysis', 'School_meals', 'Smallholder_agricultural_market_support', 'Cash_transfers']"
Assessment_of_Rice_Fortification_Scheme_in_Malkang,"['Analyses_and_assessments', 'Food_Assistance', 'Environmental_and_social_sustainability', 'Food_Assistance_for_Assets', 'Food_systems', 'Food_fortification', 'Food_security_analysis', 'Nutrition', 'Supply_chain', 'School_meals']"
Assistance_to_Refugees_and_Crisis_Affected_Populat,"['Funding_and_donors', 'Emergency_Preparedness_and_Response', 'Food_Assistance', 'Food_safety_and_quality', 'Food_Assistance_for_Assets', 'Humanitarian_Support_and_Services', 'Energy_for_food_security', 'Emergency_relief', 'Food_security_analysis', 'UN_Humanitarian_Air_Service']"
Audited_Annual_Accounts,"['Analyses_and_assessments', 'Procurement', 'Funding_and_donors', 'Executive_Board', 'Corporate_strategy', 'Partnerships', 'Humanitarian_Support_and_Services', 'Smallholder_agricultural_market_support', 'Cash_transfers', 'Sustainable_development_goals']"
Barrier_analysis_for_the_social_economic_integrati,"['Local_market_developments', 'Humanitarian_Support_and_Services', 'Sustainable_livelihoods_and_ecosystems', 'The_R4_Rural_Resilience_Initiative', 'UN_Humanitarian_Air_Service', 'Resilience_building', 'Food_systems', 'Private_sector', 'Food_safety_and_quality', 'Food_security_analysis']"
Biography_Assistant_Executive_Director_for_Workpla,"['Partnerships', 'UN_agencies_and_international_institutions', 'Humanitarian_Support_and_Services', 'Emergency_relief', 'Centre_of_Excellence', 'Executive_Board']"
Biography_Chief_Financial_Officer_Robert_van_der_Z,"['UN_agencies_and_international_institutions', 'Governance_and_leadership', 'Partnerships', 'Executive_Board', 'Climate_risk_management_insurance_and_financing', 'Corporate_strategy']"
Brazil_Centre_of_Excellence_and_the_African_Union_,"['Centre_of_Excellence', 'Country_strategic_planning', 'Food_systems', 'Partnerships', 'School_meals', 'Smallholder_agricultural_market_support', 'Nutrition']"
Brazil_CoE_Good_Practices_no_2_Financing_School_Fe,"['Procurement', 'Food_Assistance_for_Assets', 'Funding_and_donors', 'Partnerships', 'Food_Assistance', 'Nutrition', 'School_meals', 'Food_systems', 'Food_security_analysis', 'Energy_for_food_security']"
Building_and_maintaining_social_protection_systems,"['Governance_and_leadership', 'Resilience_building', 'Country_Capacity_Strengthening', 'Social_Protection_and_Safety_Nets', 'Resilience_programming', 'Humanitarian_Support_and_Services', 'Logistics_and_delivery_networks', 'Cash_transfers']"
CERFAM_Strategic_Partnership_Framework_2020_2022,"['Zero_Hunger', 'Monitoring', 'Partnerships', 'Food_security_analysis', 'Energy_for_food_security', 'Food_Assistance', 'Country_Capacity_Strengthening', 'Humanitarian_Support_and_Services', 'Food_Assistance_for_Assets', 'Funding_and_donors']"
Cambodia_KOICA_supported_Home_Grown_School_Feeding,"['The_R4_Rural_Resilience_Initiative', 'Procurement', 'Environmental_and_social_sustainability', 'Funding_and_donors', 'Gender_equality', 'Smallholder_agricultural_market_support', 'Programme_design']"
Caribbean_Food_Security_and_Livelihoods_Survey_Reg,"['Emergency_Preparedness_and_Response', 'Emergencies', 'Resilience_building', 'Food_security_analysis', 'Energy_for_food_security', 'The_R4_Rural_Resilience_Initiative', 'Food_systems', 'Food_safety_and_quality', 'Food_Security_Cluster', 'Sustainable_livelihoods_and_ecosystems']"
Cash_assistance_and_social_benefits_in_Ukraine_Jul,"['Cash_transfers', 'Humanitarian_Support_and_Services', 'Rome_based_agencies', 'Food_Assistance_for_Assets', 'Food_Assistance', 'Food_fortification', 'Social_Protection_and_Safety_Nets', 'Funding_and_donors']"
Clean_and_Modern_Energy_for_Cooking_A_Path_to_Food,"['Analyses_and_assessments', 'Humanitarian_Support_and_Services', 'Local_market_developments', 'Innovation', 'Food_security_analysis', 'Food_Assistance', 'Partnerships', 'Food_systems', 'Energy_for_food_security']"
Clean_cooking_solutions_in_Malawi,"['Environmental_and_social_sustainability', 'Procurement', 'Sustainable_livelihoods_and_ecosystems', 'Analyses_and_assessments', 'Nutrition', 'School_meals', 'Food_security_analysis', 'Sustainable_development_goals', 'Energy_for_food_security', 'Seasonal_and_agricultural_monitoring']"
Climate_Risk_Insurance_A_key_tool_to_achieve_resil,"['Climate_risk_management_insurance_and_financing', 'Humanitarian_Support_and_Services', 'Climate_change_adaptation', 'Environmental_and_social_sustainability', 'Sustainable_livelihoods_and_ecosystems', 'The_R4_Rural_Resilience_Initiative', 'Resilience_building', 'Energy_for_food_security', 'Sustainable_development_goals']"
Corporate_Emergency_Evaluation_of_WFP_s_Response_i,"['Country_Capacity_Strengthening', 'The_R4_Rural_Resilience_Initiative', 'Funding_and_donors', 'Humanitarian_Support_and_Services', 'Partnerships', 'Food_Assistance_for_Assets', 'Food_security_analysis', 'Cash_transfers', 'School_meals', 'Resilience_building']"
Corporate_Results_Framework_2022_2025,"['Executive_Board', 'Partnerships', 'Smallholder_agricultural_market_support', 'Emergency_Preparedness_and_Response', 'The_R4_Rural_Resilience_Initiative', 'Country_Capacity_Strengthening', 'Sustainable_development_goals', 'Food_Assistance_for_Assets', 'Food_security_analysis']"
Cost_of_the_Diet_Analysis_in_Samoa_August_2025,"['Environmental_and_social_sustainability', 'Food_Assistance', 'Nutrition', 'Specialized_nutritious_food', 'Food_systems', 'Food_safety_and_quality', 'Food_security_analysis', 'School_meals', 'Sustainable_development_goals', 'Energy_for_food_security']"
DRC_WFP_UNHAS_Flash_Appeal_May_2024,"['UN_Humanitarian_Air_Service', 'Humanitarian_Support_and_Services', 'UN_agencies_and_international_institutions', 'Resilience_building', 'Emergency_Preparedness_and_Response', 'Logistics_and_delivery_networks', 'Emergencies', 'Emergency_relief', 'Information_Technology_and_Telecommunications_in_Emergencies', 'The_R4_Rural_Resilience_Initiative']"
Delivering_shock_responsive_social_protection_in_t,"['Cash_transfers', 'Humanitarian_Support_and_Services', 'Funding_and_donors', 'Resilience_building', 'Resilience_programming', 'Partnerships', 'Climate_risk_management_insurance_and_financing', 'The_R4_Rural_Resilience_Initiative', 'Logistics_and_delivery_networks']"
Developmental_Evaluation_of_Catalyzing_Good_Food_T,"['Funding_and_donors', 'Partnerships', 'Food_systems', 'Gender_equality', 'School_meals', 'Sustainable_livelihoods_and_ecosystems', 'The_R4_Rural_Resilience_Initiative', 'Nutrition', 'Food_security_analysis', 'Food_safety_and_quality']"
Diagnostic_report_on_Gender_Social_Cohesion_Socio_,"['Humanitarian_Support_and_Services', 'Food_security_analysis', 'Food_safety_and_quality', 'Migration', 'Food_Assistance', 'The_R4_Rural_Resilience_Initiative', 'Resilience_programming', 'Gender_equality', 'Energy_for_food_security']"
Disability_Inclusive_Early_Warning_Messages_in_Lao,"['Resilience_programming', 'Emergencies', 'Partnerships', 'Emergency_Preparedness_and_Response', 'The_R4_Rural_Resilience_Initiative', 'Resilience_building', 'Climate_action', 'Emergency_relief', 'Humanitarian_Support_and_Services', 'Information_Technology_and_Telecommunications_in_Emergencies']"
Disaster_risk_financing_Annual_Report,"['Logistics_and_delivery_networks', 'Anticipatory_Action', 'Emergency_Preparedness_and_Response', 'Sustainable_livelihoods_and_ecosystems', 'The_R4_Rural_Resilience_Initiative', 'Resilience_building', 'Climate_services', 'Climate_risk_management_insurance_and_financing', 'Food_systems', 'Sustainable_development_goals']"
Does_Climate_Insurance_Work_Evidence_from_WFP_Supp,"['Social_Protection_and_Safety_Nets', 'Climate_risk_management_insurance_and_financing', 'Resilience_building', 'Food_security_analysis', 'Sustainable_livelihoods_and_ecosystems', 'Smallholder_agricultural_market_support', 'Energy_for_food_security', 'Resilience_programming', 'Cash_transfers', 'The_R4_Rural_Resilience_Initiative']"
Economic_Impact_of_Using_Fortified_Rice_in_Cambodi,"['Specialized_nutritious_food', 'Nutrition', 'Partnerships', 'Food_Assistance', 'Food_security_analysis', 'School_meals', 'Food_fortification', 'Energy_for_food_security', 'Food_safety_and_quality']"
Egypt_Smallholders_climate_portfolio_2021_2025_Eva,"['Independent_evaluation', 'Analyses_and_assessments', 'Climate_change_adaptation', 'Monitoring_evaluation_and_learning', 'Resilience_building', 'The_R4_Rural_Resilience_Initiative', 'Sustainable_development_goals', 'Nutrition', 'Specialized_nutritious_food', 'Food_security_analysis']"
Emergency_Preparedness_and_Response_in_Madagascar,"['Emergency_Preparedness_and_Response', 'Anticipatory_Action', 'UN_Humanitarian_Air_Service', 'Energy_for_food_security', 'Nutrition', 'Climate_change_adaptation', 'Food_security_analysis', 'Food_safety_and_quality', 'Food_Assistance', 'Food_Assistance_for_Assets']"
Empowering_Countries_to_achieve_Zero_Hunger,"['Nutrition', 'Smallholder_agricultural_market_support', 'Food_security_analysis', 'Sustainable_development_goals', 'Centre_of_Excellence', 'Zero_Hunger', 'Partnerships', 'School_meals', 'Energy_for_food_security', 'Private_sector']"
End_of_Project_Report_HS3_Strengthening_public_hea,"['Humanitarian_Support_and_Services', 'Partnerships', 'The_R4_Rural_Resilience_Initiative', 'Sustainable_development_goals', 'Monitoring', 'HIV_and_tuberculosis', 'Logistics_and_delivery_networks', 'UN_Humanitarian_Air_Service', 'Corporate_strategy', 'Supply_chain']"
End_of_Project_Report_HS3_Strengthening_public_hea-checkpoint,"['Humanitarian_Support_and_Services', 'Partnerships', 'The_R4_Rural_Resilience_Initiative', 'Sustainable_development_goals', 'Monitoring', 'HIV_and_tuberculosis', 'Logistics_and_delivery_networks', 'UN_Humanitarian_Air_Service', 'Corporate_strategy', 'Supply_chain']"
Enhancing_financial_protection_The_five_impact_pat,"['Resilience_programming', 'Innovation', 'Resilience_building', 'Food_Assistance_for_Assets', 'Climate_risk_management_insurance_and_financing', 'The_R4_Rural_Resilience_Initiative', 'Food_security_analysis', 'Sustainable_livelihoods_and_ecosystems', 'Food_safety_and_quality', 'Energy_for_food_security']"
Environmental_and_Social_Management_Plan_Annex_to_,"['Environmental_and_social_sustainability', 'Emergency_Preparedness_and_Response', 'Sustainable_development_goals', 'Monitoring', 'Emergency_programming', 'Energy_for_food_security', 'Analyses_and_assessments']"
Environmental_and_social_impact_assessment_report_,"['Funding_and_donors', 'Climate_change_adaptation', 'Environmental_and_social_sustainability', 'Sustainable_livelihoods_and_ecosystems', 'The_R4_Rural_Resilience_Initiative', 'Nutrition', 'Partnerships', 'Sustainable_development_goals', 'Resilience_building', 'Gender_equality']"
Essential_Needs_Assessment_for_Productive_Social_S,"['Food_security_analysis', 'Food_Assistance_for_Assets', 'Nutrition', 'Food_Assistance', 'Cash_transfers', 'Food_safety_and_quality', 'Energy_for_food_security', 'Food_fortification', 'School_meals', 'Specialized_nutritious_food']"
Ethiopia_Endline_Evaluation_of_Satellite_Index_Ins,"['Partnerships', 'Humanitarian_Support_and_Services', 'Sustainable_livelihoods_and_ecosystems', 'The_R4_Rural_Resilience_Initiative', 'Gender_equality', 'Nutrition', 'Sustainable_development_goals', 'Cash_transfers', 'Food_security_analysis', 'Private_sector']"
Ethiopia_Final_Evaluation_of_the_Rural_Resilience_,"['Independent_evaluation', 'Analyses_and_assessments', 'Monitoring_evaluation_and_learning', 'Gender_equality', 'Partnerships', 'Resilience_programming', 'Social_Protection_and_Safety_Nets', 'Resilience_building', 'The_R4_Rural_Resilience_Initiative', 'Food_security_analysis']"
Ethiopia_Food_for_Education_and_Child_Nutrition_20,"['Food_safety_and_quality', 'Environmental_and_social_sustainability', 'Procurement', 'Monitoring_evaluation_and_learning', 'Sustainable_development_goals', 'Food_security_analysis', 'Energy_for_food_security', 'Independent_evaluation', 'Nutrition', 'School_meals']"
Evaluation_Synthesis_of_WFP_s_Performance_Measurem,"['Monitoring_evaluation_and_learning', 'Country_Capacity_Strengthening', 'Analyses_and_assessments', 'Resilience_programming', 'Country_strategic_planning', 'Monitoring', 'Resilience_building', 'Gender_equality', 'The_R4_Rural_Resilience_Initiative', 'School_meals']"
Evaluation_of_Burkina_Faso_WFP_Country_Strategic_P,"['Climate_change_adaptation', 'Sustainable_development_goals', 'Climate_services']"
Evaluation_of_China_WFP_Country_Strategic_Plan_202,"['Partnerships', 'Smallholder_agricultural_market_support', 'Nutrition', 'Environmental_and_social_sustainability', 'Country_strategic_planning', 'The_R4_Rural_Resilience_Initiative', 'Country_Capacity_Strengthening', 'Gender_equality', 'School_meals', 'South_South_cooperation']"
Evaluation_of_Democratic_Republic_of_the_Congo_WFP,"['Zero_Hunger', 'Gender_equality']"
